"id","title","street","locality","postal_code","country","region_full"
"6665240","Supervising Construction Mgr","1060 W SWEDESFORD RD","BERWYN","19312","United States","Pennsylvania"
"6791978","Sr Engineer","830 SCHUYLKILL AVE","PHILADELPHIA","19146","United States","Pennsylvania"
"7089472","Engineering Design Tech","123 ENERGY AVE # 765","ROCKFORD","61109","United States","Illinois"
"7141187","Sr. Architect - IT Enterprise Architecture","None","CHICAGO","60603","United States","Illinois"
"7115949","2021-2022 Fall-Winter Drexel Co-op Program","10 S DEARBORN ST","CHICAGO","60603","United States","Illinois"
"7141190","Sr. Architect - IT Enterprise Architecture","None","None","20002","United States","District of Columbia"
"7141188","Sr. Architect - IT Enterprise Architecture","None","BALTIMORE","21201","United States","Maryland"
"7141192","Sr. Architect - IT Enterprise Architecture","None","Newark","19713","United States","Delaware"
"7141194","Sr. Architect - IT Enterprise Architecture","5100 Harding Highway","Mays Landing","08330","United States","New Jersey"
"7141191","Sr. Architect - IT Enterprise Architecture","None","KENNETT SQUARE","19348","United States","Pennsylvania"
"7242443","Director Regulatory Strategy & Revenue Policy","701 9th Street. NW","WASHINGTON","20068","United States","District of Columbia"
"7156477","Dist System Operator I","680 RIDGE PIKE","PLYMOUTH MEETING","19462","United States","Pennsylvania"
"7141189","Sr. Architect - IT Enterprise Architecture","None","PHILADELPHIA","19124","United States","Pennsylvania"
"7244891","Sr Engineer","2001 AUCUTT RD # 287","MONTGOMERY","60538","United States","Illinois"
"7141193","Sr. Architect - IT Enterprise Architecture","None","Carneys Point","08069","United States","New Jersey"
"7467496","Gas Distribution Crew Leader","1699 Leadenhall St","BALTIMORE","21230","United States","Maryland"
"7468051","2022 Exelon Summer Internship: Civil, Computer and Mechanical Engineering: NE Region (DE, PA, NJ)","2301 MARKET ST","PHILADELPHIA","19103","United States","Pennsylvania"
"7468052","2022 Exelon Summer Internship: Civil, Computer and Mechanical Engineering: NE Region (DE, PA, NJ)","5100 Harding Highway","Mays Landing","08330","United States","New Jersey"
"7355993","Sr Quantitative Analyst - PHI","701 9th Street. NW","WASHINGTON","20068","United States","District of Columbia"
"7468055","2022 Exelon Summer Internship: Electrical Engineer : NE Region (DE, PA, NJ)","2301 MARKET ST","PHILADELPHIA","19103","United States","Pennsylvania"
"7407688","Sr Engineer - Customer Engineering ","2301 MARKET ST","PHILADELPHIA","19103","United States","Pennsylvania"
"7468060","2022 Exelon Summer Internship: Finance & Accounting","10 S DEARBORN ST","CHICAGO","60603","United States","Illinois"
"7468063","2022 Exelon Summer Internship: Finance & Accounting","2301 MARKET ST","PHILADELPHIA","19103","United States","Pennsylvania"
"7383679","Dist Sys Dispatcher I - PECO","680 RIDGE PIKE","PLYMOUTH MEETING","19462","United States","Pennsylvania"
"7468056","2022 Exelon Summer Internship: Electrical Engineer : NE Region (DE, PA, NJ)","5100 Harding Highway","Mays Landing","08330","United States","New Jersey"
"7468072","2022 Exelon Summer Internship: Supply Chain Management","701 9th Street. NW","WASHINGTON","20068","United States","District of Columbia"
"7355991","Sr Quantitative Analyst - PHI","5 Collins Drive","Carneys Point","08069","United States","New Jersey"
"7468053","2022 Exelon Summer Internship: Civil, Computer and Mechanical Engineering: NE Region (DE, PA, NJ)","630 Martin Luther King Bl","Wilmington","19899","United States","Delaware"
"7494686","2022 Exelon Summer Internship: Electrical Engineer : NE Region (DC, MD)","1068 N FRONT ST","BALTIMORE","21202","United States","Maryland"
"7494687","2022 Exelon Summer Internship: Electrical Engineer : NE Region (DC, MD)","7309 WINDSOR MILL RD","BALTIMORE","21244","United States","Maryland"
"7468050","2022 Exelon Summer Internship: Civil, Computer and Mechanical Engineering: NE Region (DE, PA, NJ)","401 Eagle Run Road,","Christiana","19702","United States","Delaware"
"7494815","2022 Exelon Summer Internship: Civil, Computer, Environmental and Mechanical Engineering: NE Region (DC, MD)","2 Center Plaza","BALTIMORE","21201","United States","Maryland"
"7494817","2022 Exelon Summer Internship: Civil, Computer, Environmental and Mechanical Engineering: NE Region (DC, MD)","7309 WINDSOR MILL RD","BALTIMORE","21244","United States","Maryland"
"7494818","2022 Exelon Summer Internship: Civil, Computer, Environmental and Mechanical Engineering: NE Region (DC, MD)","1310 Point Street","BALTIMORE","21231","United States","Maryland"
"7453507","Summer 2022 Midwest Engineering Internship (Electrical, Mechanical)","2 Lincoln Center","OAKBROOK TERRACE","60181","United States","Illinois"
"7494684","2022 Exelon Summer Internship: Electrical Engineer : NE Region (DC, MD)","701 9th Street. NW","WASHINGTON","20068","United States","District of Columbia"
"7468054","2022 Exelon Summer Internship: Electrical Engineer : NE Region (DE, PA, NJ)","401 Eagle Run Road,","Christiana","19702","United States","Delaware"
"7601265","Senior Project Manager - ADMS","None","Newark","19713","United States","Delaware"
"7494814","2022 Exelon Summer Internship: Civil, Computer, Environmental and Mechanical Engineering: NE Region (DC, MD)","701 9th Street. NW","WASHINGTON","20068","United States","District of Columbia"
"7468069","2022 Exelon Summer Internship: Supply Chain Management","10 S DEARBORN ST","CHICAGO","60603","United States","Illinois"
"7468070","2022 Exelon Summer Internship: Supply Chain Management","2301 MARKET ST","PHILADELPHIA","19103","United States","Pennsylvania"
"7800463","Substation Operations Training Specialist Sr.","3400 Benning Road, N.E.","WASHINGTON","20019","United States","District of Columbia"
"7468071","2022 Exelon Summer Internship: Supply Chain Management","1310 Point Street","BALTIMORE","21231","United States","Maryland"
"7494819","2022 Exelon Summer Internship: Civil, Computer, Environmental and Mechanical Engineering: NE Region (DC, MD)","3400 Benning Road, N.E.","WASHINGTON","20019","United States","District of Columbia"
"7875756","Facilities PM Technician","1510 CHESTER PIKE","EDDYSTONE","19022","United States","Pennsylvania"
"7882841","Senior Project Manager - Utility of the Future","None","BALTIMORE","21201","United States","Maryland"
"7601264","Senior Project Manager - ADMS","None","OAKBROOK TERRACE","60181","United States","Illinois"
"7885815","Sr Engineer","2 LINCOLN CTR","OAKBROOK TERRACE","60181","United States","Illinois"
"7468062","2022 Exelon Summer Internship: Finance & Accounting","401 Eagle Run Road,","Christiana","19702","United States","Delaware"
"7911958","General Engineer","2 LINCOLN CTR","OAKBROOK TERRACE","60181","United States","Illinois"
"7494816","2022 Exelon Summer Internship: Civil, Computer, Environmental and Mechanical Engineering: NE Region (DC, MD)","1068 N FRONT ST","BALTIMORE","21202","United States","Maryland"
"7937339","Credit Analyst B - Temp","701 9th Street. NW","WASHINGTON","20068","United States","District of Columbia"
"7468057","2022 Exelon Summer Internship: Electrical Engineer : NE Region (DE, PA, NJ)","630 Martin Luther King Bl","Wilmington","19899","United States","Delaware"
"7962758","Sr. Services Analyst - IT","None","PHILADELPHIA","19124","United States","Pennsylvania"
"7815111","Engineering Tech - Testing & Commissioning Engineering","1910 S BRIGGS ST","JOLIET","60433","United States","Illinois"
"7990409","General Engineer","300 Chesterfield Parkway","MALVERN","19355","United States","Pennsylvania"
"7855248","Credit Assistant Temp","5 Collins Drive","Carneys Point","08069","United States","New Jersey"
"8126280","Sr. Software Engineer","1 LINCOLN CTR","OAKBROOK TERRACE","60181","United States","Illinois"
"7601263","Senior Project Manager - ADMS","None","None","20002","United States","District of Columbia"
"8148811","Senior Project Manager","1310 Point Street","BALTIMORE","21231","United States","Maryland"
"7494688","2022 Exelon Summer Internship: Electrical Engineer : NE Region (DC, MD)","3400 Benning Road, N.E.","WASHINGTON","20019","United States","District of Columbia"
"8149614","Senior Project Manager","None","PHILADELPHIA","19124","United States","Pennsylvania"
"7907610","Billing Assistant","5 Collins Drive","Carneys Point","08069","United States","New Jersey"
"8149617","Senior Project Manager","None","Carneys Point","08069","United States","New Jersey"
"8149690","Sr. Software Engineer","None","BALTIMORE","21201","United States","Maryland"
"8149692","Sr. Software Engineer","None","WASHINGTON","20002","United States","District of Columbia"
"7795716","Sr Energy Acquisition Analyst","2 Center Plaza","BALTIMORE","21201","United States","Maryland"
"8158555","Facilities & Equipment Tech-BGE","7225 WINDSOR BLVD","BALTIMORE","21244","United States","Maryland"
"7468058","2022 Exelon Summer Internship: Finance & Accounting","701 9th Street. NW","WASHINGTON","20068","United States","District of Columbia"
"8190258","Sr. Quantitative Engineer - Pepco Holding","401 Eagle Run Road,","Christiana","19702","United States","Delaware"
"7969605","Journey Line Mechanic SCD NERC","401 Eagle Run Road,","Christiana","19702","United States","Delaware"
"8210544","Mgr Utility Public Safety","11350 PULASKI HWY","WHITE MARSH","21162","United States","Maryland"
"8008578","Sr Engineer","2900 LORD BALTIMORE DR","BALTIMORE","21244","United States","Maryland"
"8271588","Overhead Electrical Specialist ","1040 JANES AVE # 262","BOLINGBROOK","60440","United States","Illinois"
"7468061","2022 Exelon Summer Internship: Finance & Accounting","1310 Point Street","BALTIMORE","21231","United States","Maryland"
"8317904","Distribution Designer D","3400 Benning Road, N.E.","WASHINGTON","20019","United States","District of Columbia"
"7882842","Senior Project Manager - Utility of the Future","None","None","20002","United States","District of Columbia"
"8337034","Sr Business Analyst","2900 LORD BALTIMORE DR","BALTIMORE","21244","United States","Maryland"
"8149613","Senior Project Manager","None","BALTIMORE","21201","United States","Maryland"
"7601266","Senior Project Manager - ADMS","None","Carneys Point","08069","United States","New Jersey"
"7905904","Sr Engineer","7309 WINDSOR MILL RD","BALTIMORE","21244","United States","Maryland"
"8345200","Assistant General Counsel - Privacy & Compliance","1310 Point Street","BALTIMORE","21231","United States","Maryland"
"7637609","Sr Engineering Design Tech","123 ENERGY AVE # 765","ROCKFORD","61109","United States","Illinois"
"8361744","ESOC Operator","11520 CRONRIDGE DR","OWINGS MILLS","21117","United States","Maryland"
"7921407","General Engineer (Capacity Planning)","7309 WINDSOR MILL RD","BALTIMORE","21244","United States","Maryland"
"8432968","Staff Accountant - BSC","10 S DEARBORN ST","CHICAGO","60603","United States","Illinois"
"8153269","Facilities & Equipment Tech-BGE","2 Center Plaza","BALTIMORE","21201","United States","Maryland"
"8437376","Assoc Staff Accountant - BSC","630 Martin Luther King Bl","Wilmington","19899","United States","Delaware"
"8183152","Sr Engineer","7309 WINDSOR MILL RD","BALTIMORE","21244","United States","Maryland"
"8529800","Project Construction Mgr","1060 W SWEDESFORD RD","BERWYN","19312","United States","Pennsylvania"
"7806767","Assoc Supply Bus Ops Spec","2301 MARKET ST","PHILADELPHIA","19103","United States","Pennsylvania"
"8557944","Stockkeeper SCD","2530 N Salisbury Boulevard","Salisbury","21801","United States","Maryland"
"7820059","Sr Engineer","680 RIDGE PIKE","PLYMOUTH MEETING","19462","United States","Pennsylvania"
"8564705","Manager IT","11520 CRONRIDGE DR","OWINGS MILLS","21117","United States","Maryland"
"8264088","Sr Business Analyst","2 Center Plaza","BALTIMORE","21201","United States","Maryland"
"8598521","Sr Project Manager","1 LINCOLN CTR","OAKBROOK TERRACE","60181","United States","Illinois"
"8602961","Analyst Audit Services - BSC","None","BALTIMORE","21201","United States","Maryland"
"8614039","Sr. Business Analyst - PHI","5 Collins Drive","Carneys Point","08069","United States","New Jersey"
"8134387","Sr. Quantitative Engineer - Pepco Holdings","401 Eagle Run Road,","Christiana","19702","United States","Delaware"
"8619986","Staff Accountant - PHISCO","None","None","None","United States","None"
"7882843","Senior Project Manager - Utility of the Future","None","Newark","19713","United States","Delaware"
"8624071","Utilities Methods Engineer","11350 PULASKI HWY","WHITE MARSH","21162","United States","Maryland"
"8339769","Sr Engineering Design Tech - New Business ","1500 FRANKLIN BLVD # 542","LIBERTYVILLE","60048","United States","Illinois"
"8625345","Software Engineer","None","PHILADELPHIA","19124","United States","Pennsylvania"
"8345197","Assistant General Counsel - Privacy & Compliance","200 EXELON WAY","KENNETT SQUARE","19348","United States","Pennsylvania"
"8655077","Telecom Engineer - Network Ops Nokia & CheckPoint","2900 LORD BALTIMORE DR","BALTIMORE","21244","United States","Maryland"
"7601267","Senior Project Manager - ADMS","None","Mays Landing","08330","United States","New Jersey"
"8345771","Business Analyst","300 FRONT ST","CONSHOHOCKEN","19428","United States","Pennsylvania"
"8149618","Senior Project Manager","None","Mays Landing","08330","United States","New Jersey"
"8740036","Engineering Design Tech","25000 GOVERNORS HWY","UNIVERSITY PARK","60484","United States","Illinois"
"8393736","Sr Business Analyst","2 Center Plaza","BALTIMORE","21201","United States","Maryland"
"8753586","General Engineer","7309 WINDSOR MILL RD","BALTIMORE","21244","United States","Maryland"
"8754801","Sr. Architect","3 LINCOLN CTR","OAKBROOK TERRACE","60181","United States","Illinois"
"8754802","Sr. Architect","None","CHICAGO","60603","United States","Illinois"
"7962757","Sr. Services Analyst - IT","None","BALTIMORE","21201","United States","Maryland"
"8759081","Fleet Technician B","8300 Old Marlboro Pike","Upper Marlboro","20772","United States","Maryland"
"8190154","Sr Project Manager - Oakbrook Terrace","1 LINCOLN CTR","OAKBROOK TERRACE","60181","United States","Illinois"
"8768262","Customer Care Representative Temporary","None","Salisbury","21802","United States","Maryland"
"8529884","Relay Tester C NERC","3400 Benning Road, N.E.","WASHINGTON","20019","United States","District of Columbia"
"8777854","Escalated Investigations Representative","701 9th Street. NW","WASHINGTON","20068","United States","District of Columbia"
"8560755","Sr Engineer (SCADA & Cybersecurity - Substations)","300 Chesterfield Parkway","MALVERN","19355","United States","Pennsylvania"
"8781880","Sr Tax Analyst - BSC","10 S DEARBORN ST","CHICAGO","60603","United States","Illinois"
"8783199","Systems Engineer (EU Real Time T&D SCADA)","None","BALTIMORE","21201","United States","Maryland"
"8783200","Systems Engineer (EU Real Time T&D SCADA)","None","Mays Landing","08330","United States","New Jersey"
"8021839","Drexel Spring-Summer Cycle 2022","2301 MARKET ST","PHILADELPHIA","19103","United States","Pennsylvania"
"8783203","Systems Engineer (EU Real Time T&D SCADA)","None","KENNETT SQUARE","19348","United States","Pennsylvania"
"8298012","Helper Distribution Test","3400 Benning Road, N.E.","WASHINGTON","20019","United States","District of Columbia"
"8313100","Sr Engineer - Meter Engineering","1060 W SWEDESFORD RD","BERWYN","19312","United States","Pennsylvania"
"8134386","Sr. Quantitative Engineer - Pepco Holdings","701 9th Street. NW","WASHINGTON","20068","United States","District of Columbia"
"8794240","Sr Quantitative Analyst - PHI","None","WASHINGTON","20002","United States","District of Columbia"
"8322118","General Engineer","7309 WINDSOR MILL RD","BALTIMORE","21244","United States","Maryland"
"8621942","General Engineer","1699 Leadenhall St","BALTIMORE","21230","United States","Maryland"
"8149612","Senior Project Manager","None","CHICAGO","60603","United States","Illinois"
"8832779","Lighting Account Rep","1068 N FRONT ST","BALTIMORE","21202","United States","Maryland"
"8625344","Software Engineer","None","BALTIMORE","21201","United States","Maryland"
"8838415","Sr. Software Engineer - Outage Management System","7309 WINDSOR MILL RD","BALTIMORE","21244","United States","Maryland"
"8625346","Software Engineer","None","None","20002","United States","District of Columbia"
"8861249","Service Representative B Temp","4110 Forestville Road","District Heights-Forestville","20747","United States","Maryland"
"8149616","Senior Project Manager","None","Newark","19713","United States","Delaware"
"8718484","Legal- Intern ","2301 MARKET ST","PHILADELPHIA","19103","United States","Pennsylvania"
"8351147","Project Manager","2301 MARKET ST","PHILADELPHIA","19103","United States","Pennsylvania"
"8731689","Senior Accountant - PHISCO","630 Martin Luther King Bl","Wilmington","19899","United States","Delaware"
"8377207","General Engineer","7309 WINDSOR MILL RD","BALTIMORE","21244","United States","Maryland"
"8751212","Designer - Multiple Locations","830 SCHUYLKILL AVE","PHILADELPHIA","19146","United States","Pennsylvania"
"8149695","Sr. Software Engineer","None","PHILADELPHIA","19124","United States","Pennsylvania"
"8432969","Senior Accountant- BSC","10 S DEARBORN ST","CHICAGO","60603","United States","Illinois"
"7962756","Sr. Services Analyst - IT","10 S DEARBORN ST","CHICAGO","60603","United States","Illinois"
"8754804","Sr. Architect","None","PHILADELPHIA","19124","United States","Pennsylvania"
"8488108","Technical Analyst IT","300 FRONT ST","CONSHOHOCKEN","19428","United States","Pennsylvania"
"8768261","Customer Care Representative Temporary","2530 N Salisbury Boulevard","Salisbury","21801","United States","Maryland"
"8529804","Sr Quant Analyst, Rec & Anltcs","2 Center Plaza","BALTIMORE","21201","United States","Maryland"
"8772387","Sr Engineer","300 Chesterfield Parkway","MALVERN","19355","United States","Pennsylvania"
"8190754","Mgr, Project Management","100 Pinewood Lane","Warrendale","15086","United States","Pennsylvania"
"8780873","Sr Business Program Manager- PEPCO","701 9th Street. NW","WASHINGTON","20068","United States","District of Columbia"
"7601261","Senior Project Manager - ADMS","1310 Point Street","BALTIMORE","21231","United States","Maryland"
"8262033","Supervisor Dispatch","1699 Leadenhall St","BALTIMORE","21230","United States","Maryland"
"8598249","Technical Analyst IT","680 RIDGE PIKE","PLYMOUTH MEETING","19462","United States","Pennsylvania"
"8783202","Systems Engineer (EU Real Time T&D SCADA)","None","Newark","19713","United States","Delaware"
"8602960","Analyst Audit Services - BSC","10 S DEARBORN ST","CHICAGO","60603","United States","Illinois"
"8783205","Systems Engineer (EU Real Time T&D SCADA)","None","WASHINGTON","20002","United States","District of Columbia"
"8614040","Sr. Business Analyst - PHI","701 9th Street. NW","WASHINGTON","20068","United States","District of Columbia"
"8794239","Sr Quantitative Analyst - PHI","5 Collins Drive","Carneys Point","08069","United States","New Jersey"
"8321007","Communications Manager","2 Center Plaza","BALTIMORE","21201","United States","Maryland"
"8794242","Sr Quantitative Analyst - PHI","None","Carneys Point","08069","United States","New Jersey"
"8807777","Arranger-Pepco Holdings OCC Planning","10611 Westlake Drive","Bethesda","20817","United States","Maryland"
"8826039","Customer Service Representative - Temporary","2 LINCOLN CTR","OAKBROOK TERRACE","60181","United States","Illinois"
"8625343","Software Engineer","1 LINCOLN CTR","OAKBROOK TERRACE","60181","United States","Illinois"
"8838409","Sr. Software Engineer - Outage Management System","500 N. Wakefield Drive","Newark","19714","United States","Delaware"
"9056155","Director Audit Services - BSC","10 S DEARBORN ST","CHICAGO","60603","United States","Illinois"
"9062146","Sr Project Const Manager","1 LINCOLN CTR","OAKBROOK TERRACE","60181","United States","Illinois"
"8345198","Assistant General Counsel - Privacy & Compliance","1001 Louisiana Street","HOUSTON","77002","United States","Texas"
"8882168","Change and Communications Management Consultant","3 LINCOLN CTR","OAKBROOK TERRACE","60181","United States","Illinois"
"8882169","Change and Communications Management Consultant","None","BALTIMORE","21201","United States","Maryland"
"8882170","Change and Communications Management Consultant","None","PHILADELPHIA","19124","United States","Pennsylvania"
"8884764","Sr Trans System Operator-ComEd","1N301 SWIFT RD # 472","LOMBARD","60148","United States","Illinois"
"8912495","Section Engineer - Delmarva Power GAS Reliability","630 Martin Luther King Bl","Wilmington","19899","United States","Delaware"
"8916602","General Engineer","5100 Harding Highway","Mays Landing","08330","United States","New Jersey"
"8918408","Business Analyst","101 CONSTITUTION AVE NW SUITE 400 EAST","WASHINGTON","20001","United States","District of Columbia"
"8435398","Supervisor Maintenance Planner","8401 POWER RD","CLINTON","61727","United States","Illinois"
"8449880","Sr Engineering Design Tech - Regional  Engineering","3500 N CALIFORNIA AVE","CHICAGO","60618","United States","Illinois"
"8766173","Sr Business Analyst","2301 MARKET ST","PHILADELPHIA","19103","United States","Pennsylvania"
"7962759","Sr. Services Analyst - IT","None","WASHINGTON","20002","United States","District of Columbia"
"8768342","Sr. Systems Engineer","1310 Point Street","BALTIMORE","21231","United States","Maryland"
"8190259","Sr. Quantitative Engineer - Pepco Holding","701 9th Street. NW","WASHINGTON","20068","United States","District of Columbia"
"8779528","Draftsperson C NERC","5100 Harding Highway","Mays Landing","08330","United States","New Jersey"
"8561100","Engineer - Sub SCADA and Cybersecurity","300 Chesterfield Parkway","MALVERN","19355","United States","Pennsylvania"
"8781881","Sr Tax Analyst - BSC","None","CHICAGO","60603","United States","Illinois"
"8590934","Senior Accountant - ComEd","3 LINCOLN CTR","OAKBROOK TERRACE","60181","United States","Illinois"
"8783201","Systems Engineer (EU Real Time T&D SCADA)","None","Carneys Point","08069","United States","New Jersey"
"7601262","Senior Project Manager - ADMS","None","PHILADELPHIA","19124","United States","Pennsylvania"
"8783204","Systems Engineer (EU Real Time T&D SCADA)","None","OAKBROOK TERRACE","60181","United States","Illinois"
"8783206","Systems Engineer (EU Real Time T&D SCADA)","None","PHILADELPHIA","19124","United States","Pennsylvania"
"8783523","Systems Engineer (EU Real Time T&D SCADA)","7309 WINDSOR MILL RD","BALTIMORE","21244","United States","Maryland"
"8619985","Staff Accountant - PHISCO","630 Martin Luther King Bl","Wilmington","19899","United States","Delaware"
"8794241","Sr Quantitative Analyst - PHI","701 9th Street. NW","WASHINGTON","20068","United States","District of Columbia"
"8619987","Staff Accountant - PHISCO","10 S Dearborn St","CHICAGO","60603","United States","Illinois"
"8826000","Billingual Cust Service Rep - Temporary","2 LINCOLN CTR","OAKBROOK TERRACE","60181","United States","Illinois"
"8339712","Sr Engineering Design Tech","1N423 SWIFT RD # 472","LOMBARD","60148","United States","Illinois"
"8833869","Linux Systems Administrator","10 S DEARBORN ST","CHICAGO","60603","United States","Illinois"
"8345196","Assistant General Counsel - Privacy & Compliance","4300 WINFIELD RD FL 5","WARRENVILLE","60555","United States","Illinois"
"8840224","Sr Communications Specialist","701 9th Street. NW","WASHINGTON","20068","United States","District of Columbia"
"8149615","Senior Project Manager","None","WASHINGTON","20002","United States","District of Columbia"
"8861258","Sr General Engineer","701 9th Street. NW","WASHINGTON","20068","United States","District of Columbia"
"8687934","Staff Accountant - PHISCO","630 Martin Luther King Bl","Wilmington","19899","United States","Delaware"
"8731687","Senior Financial Analyst - PHI","630 Martin Luther King Bl","Wilmington","19899","United States","Delaware"
"8731688","Senior Financial Analyst - PHI","701 9th Street. NW","WASHINGTON","20068","United States","District of Columbia"
"7914799","Sr Engineer","1030 W Swedesford Rd","BERWYN","19312","United States","Pennsylvania"
"8740955","Sr Business Analyst","2 Center Plaza","BALTIMORE","21201","United States","Maryland"
"7691617","ComEd New Grad Rotation Program (NGRP) Associate Engineer","1319 S 1ST AVE # 821","MAYWOOD","60153","United States","Illinois"
"8753587","General Engineer","None","BALTIMORE","21201","United States","Maryland"
"8918410","Business Analyst","5 Collins Drive","Carneys Point","08069","United States","New Jersey"
"8923283","Senior Financial Analyst - BGE","2 Center Plaza","BALTIMORE","21201","United States","Maryland"
"9080393","Manger IT - Network Operations","11520 CRONRIDGE DR","OWINGS MILLS","21117","United States","Maryland"
"9080394","Manger IT - Network Operations","None","CHICAGO","60603","United States","Illinois"
"9080395","Manger IT - Network Operations","None","HOUSTON","77010","United States","Texas"
"9082434","Prin Project Manager","2530 N Salisbury Boulevard","Salisbury","21801","United States","Maryland"
"9087682","Federal Tax Planning and Audit Manager - BSC","10 S DEARBORN ST","CHICAGO","60603","United States","Illinois"
"9088318","Prin Project Manager","401 Eagle Run Road,","Christiana","19702","United States","Delaware"
"9088498","Systems Engineer - REACTS IT","3 LINCOLN CTR","OAKBROOK TERRACE","60181","United States","Illinois"
"9088499","Sr. Systems Engineer - REACTS IT","3 LINCOLN CTR","OAKBROOK TERRACE","60181","United States","Illinois"
"9088500","Product Analyst - IT ","1310 Point Street","BALTIMORE","21231","United States","Maryland"
"9088501","Product Analyst - IT ","WFM","REDONDO BEACH","90277","United States","California"
"9088502","Product Analyst - IT ","5 Collins Drive","Carneys Point","08069","United States","New Jersey"
"9088626","Sr Systems Security Engineer - Real Time","None","BALTIMORE","21201","United States","Maryland"
"9088627","Sr Systems Security Engineer - Real Time","None","CHICAGO","60603","United States","Illinois"
"9088628","Sr Systems Security Engineer - Real Time","None","PHILADELPHIA","19124","United States","Pennsylvania"
"9088629","Sr Systems Security Engineer - Real Time","None","KENNETT SQUARE","19348","United States","Pennsylvania"
"9088630","Sr Systems Security Engineer - Real Time","None","Newark","19713","United States","Delaware"
"9088784","Sr Project Manager","1 LINCOLN CTR","OAKBROOK TERRACE","60181","United States","Illinois"
"9090849","Prin Project Manager","1 LINCOLN CTR","OAKBROOK TERRACE","60181","United States","Illinois"
"9091858","Engineering Design Tech","None","JOLIET","60433","United States","Illinois"
"9097192","Sr. Services Analyst - IT","3 LINCOLN CTR","OAKBROOK TERRACE","60181","United States","Illinois"
"9097317","Senior Accountant - BSC","630 Martin Luther King Bl","Wilmington","19899","United States","Delaware"
"9101398","Sr.Network Cloud Solution Analyst","1310 Point Street","BALTIMORE","21231","United States","Maryland"
"9103941","Principal Engineer - Exelon Transmission Reinforcement ","2301 MARKET ST","PHILADELPHIA","19103","United States","Pennsylvania"
"9103942","Principal Engineer - Exelon Transmission Reinforcement ","401 Eagle Run Road,","Christiana","19702","United States","Delaware"
"9106630","Systems Analyst","10 S DEARBORN ST","CHICAGO","60603","United States","Illinois"
"9118838","Scrum Master, IT","None","BALTIMORE","21201","United States","Maryland"
"9118839","Scrum Master, IT","None","PHILADELPHIA","19124","United States","Pennsylvania"
"9118840","Scrum Master, IT","None","WASHINGTON","20002","United States","District of Columbia"
"9118841","Scrum Master, IT","None","OAKBROOK TERRACE","60181","United States","Illinois"
"9118843","Scrum Master, IT","None","KENNETT SQUARE","19348","United States","Pennsylvania"
"9118844","Scrum Master, IT","None","Carneys Point","08069","United States","New Jersey"
"9068930","Software Engineer","None","Carneys Point","08069","United States","New Jersey"
"9068931","Software Engineer","None","Mays Landing","08330","United States","New Jersey"
"8754803","Sr. Architect","None","BALTIMORE","21201","United States","Maryland"
"9170456","Sr. Insider Risk Cyber Engineer","None","PHILADELPHIA","19124","United States","Pennsylvania"
"9170457","Sr. Insider Risk Cyber Engineer","None","None","20002","United States","District of Columbia"
"9170460","Sr. Insider Risk Cyber Engineer","None","KENNETT SQUARE","19348","United States","Pennsylvania"
"9170462","Sr. Insider Risk Cyber Engineer","None","Carneys Point","08069","United States","New Jersey"
"9170466","Sr. Insider Risk Cyber Engineer","None","Mays Landing","08330","United States","New Jersey"
"9171381","Sr Engineer","1068 N FRONT ST","BALTIMORE","21202","United States","Maryland"
"9171824","Sr. Software Engineer","410 S. Second St.","SPRINGFIELD","62706","United States","Illinois"
"9172928","Sr Data Scientist","7309 WINDSOR MILL RD","BALTIMORE","21244","United States","Maryland"
"9176306","Principal Transmission Development & Strategy - Exelon ","10 S DEARBORN ST","CHICAGO","60603","United States","Illinois"
"9176307","Principal Transmission Development & Strategy - Exelon ","None","OAKBROOK TERRACE","60181","United States","Illinois"
"9176308","Principal Transmission Development & Strategy - Exelon ","7309 WINDSOR MILL RD","BALTIMORE","21244","United States","Maryland"
"9176309","Principal Transmission Development & Strategy - Exelon ","2301 MARKET ST","PHILADELPHIA","19103","United States","Pennsylvania"
"9176310","Principal Transmission Development & Strategy - Exelon ","701 9th Street. NW","WASHINGTON","20068","United States","District of Columbia"
"9176311","Principal Transmission Development & Strategy - Exelon ","401 Eagle Run Road,","Christiana","19702","United States","Delaware"
"9177453","Prin Data Scientist","7309 WINDSOR MILL RD","BALTIMORE","21244","United States","Maryland"
"9181096","Sr Engineering Tech Specialist-University Park, IL","25000 GOVERNORS HWY","UNIVERSITY PARK","60484","United States","Illinois"
"9181850","Training Manager (Gas)","11350 PULASKI HWY","WHITE MARSH","21162","United States","Maryland"
"9185776","Stockkeeper SCD","2530 N Salisbury Boulevard","Salisbury","21801","United States","Maryland"
"9187279","Mgr Regional Elec Ops","700 E DuPont Highway","Millsboro","19966","United States","Delaware"
"9187280","Mgr Regional Elec Ops","2600 Centerville Road","Centreville","21617","United States","Maryland"
"9187281","Mgr Regional Elec Ops","None","Salisbury","21802","United States","Maryland"
"9187282","Business Analyst - Electric System Operations Support -ACE Region","5100 Harding Highway","Mays Landing","08330","United States","New Jersey"
"9196167","Sr Benefits Consultant ","10 S DEARBORN ST","CHICAGO","60603","United States","Illinois"
"9199649","Principal Project Manager - Pepco Atlantic City Electric ","5100 Harding Highway","Mays Landing","08330","United States","New Jersey"
"9199650","Engineer - Pepco Holding","701 9th Street. NW","WASHINGTON","20068","United States","District of Columbia"
"9199823","Project Cost Analyst - PHI","701 9th Street. NW","WASHINGTON","20068","United States","District of Columbia"
"9200703","Receipts Processing Clerk A","701 9th Street. NW","WASHINGTON","20068","United States","District of Columbia"
"9203219","Design Tech C Elec Wiring NERC","701 9th Street. NW","WASHINGTON","20068","United States","District of Columbia"
"9203220","Section Engineer - Transmission Engineering - Pepco Holdings","701 9th Street. NW","WASHINGTON","20068","United States","District of Columbia"
"9203221","Section Engineer - Transmission Engineering - Pepco Holdings","401 Eagle Run Road,","Christiana","19702","United States","Delaware"
"9203222","Section Engineer - Transmission Engineering - Pepco Holdings","5100 Harding Highway","Mays Landing","08330","United States","New Jersey"
"9203223","General Engineer- Transmission Reliability Corrective Maintenance Data Engineer (PHI)","401 Eagle Run Road,","Christiana","19702","United States","Delaware"
"9203224","General Engineer- Transmission Reliability Corrective Maintenance Data Engineer (PHI)","701 9th Street. NW","WASHINGTON","20068","United States","District of Columbia"
"9203225","General Engineer- Transmission Reliability Corrective Maintenance Data Engineer (PHI)","5100 Harding Highway","Mays Landing","08330","United States","New Jersey"
"9120085","Substation Operations Trainee - Operatio","201 W Gude Drive","Potomac","20850","United States","Maryland"
"9121841","Prin Project Manager","2 LINCOLN CTR","OAKBROOK TERRACE","60181","United States","Illinois"
"9122885","Systems Engineer - BSC","1N301 SWIFT RD # 472","LOMBARD","60148","United States","Illinois"
"9123144","Sr. Software Engineer - BSC","3 LINCOLN CTR","OAKBROOK TERRACE","60181","United States","Illinois"
"9123145","Sr. Software Engineer - BSC","None","BALTIMORE","21201","United States","Maryland"
"9123146","Sr. Software Engineer - BSC","None","PHILADELPHIA","19124","United States","Pennsylvania"
"9123147","Sr. Software Engineer - BSC","None","WASHINGTON","20002","United States","District of Columbia"
"9123148","Sr. Software Engineer - BSC","None","Newark","19713","United States","Delaware"
"9124470","Senior Accountant - PHISCO","630 Martin Luther King Bl","Wilmington","19899","United States","Delaware"
"9129520","Sr Engineer - Delmarva Power Transmission & Substation Const & Maint Engineering","401 Eagle Run Road,","Christiana","19702","United States","Delaware"
"9133921","Mgr Pension Administration","10 S DEARBORN ST","CHICAGO","60603","United States","Illinois"
"9144907","Sr Analyst, Compensation Operations","10 S DEARBORN ST","CHICAGO","60603","United States","Illinois"
"9149792","Principal Project Manager","3 LINCOLN CTR","OAKBROOK TERRACE","60181","United States","Illinois"
"9149815","Cyber Security Vulnerability Management Analyst ","3 LINCOLN CTR","OAKBROOK TERRACE","60181","United States","Illinois"
"9149816","Cyber Security Vulnerability Management Analyst ","None","BALTIMORE","21201","United States","Maryland"
"9149817","Cyber Security Vulnerability Management Analyst ","None","PHILADELPHIA","19124","United States","Pennsylvania"
"9149818","Cyber Security Vulnerability Management Analyst ","None","OWINGS MILLS","21117","United States","Maryland"
"9149819","Cyber Security Vulnerability Management Analyst ","None","Newark","19713","United States","Delaware"
"9149823","Sr OT Cyber Security Vulnerability Management Analyst","11520 CRONRIDGE DR","OWINGS MILLS","21117","United States","Maryland"
"9149824","Sr OT Cyber Security Vulnerability Management Analyst","None","CHICAGO","60603","United States","Illinois"
"9149825","Sr OT Cyber Security Vulnerability Management Analyst","None","BALTIMORE","21201","United States","Maryland"
"9149826","Sr OT Cyber Security Vulnerability Management Analyst","None","PHILADELPHIA","19124","United States","Pennsylvania"
"9149827","Sr OT Cyber Security Vulnerability Management Analyst","None","None","20002","United States","District of Columbia"
"9149828","Sr OT Cyber Security Vulnerability Management Analyst","None","OAKBROOK TERRACE","60181","United States","Illinois"
"9149829","Sr OT Cyber Security Vulnerability Management Analyst","None","Newark","19713","United States","Delaware"
"9152073","Dist System Operator I - Atlantic City Electric","5100 Harding Highway","Mays Landing","08330","United States","New Jersey"
"9165402","Engineer - Transmission Planning - ComEd","2 LINCOLN CTR","OAKBROOK TERRACE","60181","United States","Illinois"
"9167100","Facilities Drafter","680 RIDGE PIKE","PLYMOUTH MEETING","19462","United States","Pennsylvania"
"9216384","Sr. Software Engineer","None","CHICAGO","60603","United States","Illinois"
"9170443","Sr. Insider Risk Cyber Engineer","11520 CRONRIDGE DR","OWINGS MILLS","21117","United States","Maryland"
"9170448","Sr. Insider Risk Cyber Engineer","None","CHICAGO","60603","United States","Illinois"
"9170451","Sr. Insider Risk Cyber Engineer","None","BALTIMORE","21201","United States","Maryland"
"9207220","Sr. Software Engineer - Java Developer","7225 WINDSOR BLVD","BALTIMORE","21244","United States","Maryland"
"9207221","Sr. Software Engineer - Java Developer","None","CHICAGO","60603","United States","Illinois"
"9207222","Sr. Software Engineer - Java Developer","None","BALTIMORE","21201","United States","Maryland"
"9207223","Sr. Software Engineer - Java Developer","None","PHILADELPHIA","19124","United States","Pennsylvania"
"9207224","Sr. Software Engineer - Java Developer","None","None","20002","United States","District of Columbia"
"9207226","Sr. Software Engineer - Java Developer","None","KENNETT SQUARE","19348","United States","Pennsylvania"
"9207227","Sr. Software Engineer - Java Developer","None","Newark","19713","United States","Delaware"
"9207229","Sr. Software Engineer - Java Developer","None","Carneys Point","08069","United States","New Jersey"
"9207230","Sr. Software Engineer - Java Developer","None","Mays Landing","08330","United States","New Jersey"
"9209638","Software Engineer - Java Developer","7152 WINDSOR BLVD","WINDSOR MILL","21244","United States","Maryland"
"9209644","Software Engineer - Java Developer","None","BALTIMORE","21201","United States","Maryland"
"9209641","Software Engineer - Java Developer","None","CHICAGO","60603","United States","Illinois"
"9209647","Software Engineer - Java Developer","None","PHILADELPHIA","19124","United States","Pennsylvania"
"9209649","Software Engineer - Java Developer","None","None","20002","United States","District of Columbia"
"9209652","Software Engineer - Java Developer","None","KENNETT SQUARE","19348","United States","Pennsylvania"
"9209653","Software Engineer - Java Developer","None","Newark","19713","United States","Delaware"
"9209654","Software Engineer - Java Developer","None","Carneys Point","08069","United States","New Jersey"
"9209657","Software Engineer - Java Developer","None","Mays Landing","08330","United States","New Jersey"
"9211550","Sr Mgr, Gas Supply & Transportation","2301 MARKET ST","PHILADELPHIA","19103","United States","Pennsylvania"
"9214446","Compliance Analyst - IT","1 LINCOLN CTR","OAKBROOK TERRACE","60181","United States","Illinois"
"9214448","Compliance Analyst - IT","None","CHICAGO","60603","United States","Illinois"
"9214450","Compliance Analyst - IT","None","BALTIMORE","21201","United States","Maryland"
"9214451","Compliance Analyst - IT","None","PHILADELPHIA","19124","United States","Pennsylvania"
"9214452","Compliance Analyst - IT","None","WASHINGTON","20002","United States","District of Columbia"
"9214453","Compliance Analyst - IT","None","KENNETT SQUARE","19348","United States","Pennsylvania"
"9214454","Sr. Project Manager","1068 N FRONT ST","BALTIMORE","21202","United States","Maryland"
"9214808","Sr Energy Efficiency Prog Mgr (Channel Manager)","2011 Swift Dr.","OAK BROOK","60523","United States","Illinois"
"9216029","Energy Efficiency Program Mgr","2011 Swift Dr.","OAK BROOK","60523","United States","Illinois"
"9216383","Sr. Software Engineer","1310 Point Street","BALTIMORE","21231","United States","Maryland"
"9167352","Manager IT - Operations","1068 N FRONT ST","BALTIMORE","21202","United States","Maryland"
"9216385","Sr. Software Engineer","None","BALTIMORE","21201","United States","Maryland"
"9216386","Sr. Software Engineer","None","PHILADELPHIA","19124","United States","Pennsylvania"
"9216387","Sr. Software Engineer","None","WASHINGTON","20002","United States","District of Columbia"
"9216388","Sr. Software Engineer","None","KENNETT SQUARE","19348","United States","Pennsylvania"
"9216389","Sr. Software Engineer","None","Newark","19713","United States","Delaware"
"9216390","Sr. Software Engineer","None","Mays Landing","08330","United States","New Jersey"
"9223341","Senior Data Scientist - Exelon (BSC) Analytics","1919 SWIFT DR # 622","OAK BROOK","60523","United States","Illinois"
"9223342","Senior Data Scientist - Exelon (BSC) Analytics","None","CHICAGO","60603","United States","Illinois"
"9223343","Senior Data Scientist - Exelon (BSC) Analytics","None","BALTIMORE","21201","United States","Maryland"
"9223344","Senior Data Scientist - Exelon (BSC) Analytics","None","PHILADELPHIA","19124","United States","Pennsylvania"
"9223346","Senior Data Scientist - Exelon (BSC) Analytics","None","WASHINGTON","20002","United States","District of Columbia"
"9223347","Senior Data Scientist - Exelon (BSC) Analytics","None","None","19702","United States","Delaware"
"9223440","Sr Extern Affairs Specialist","701 9th Street. NW","WASHINGTON","20068","United States","District of Columbia"
"9223570","Sr Engineering Tech Specialist (Area Maintenance Engineer) MT Prospect, IL","201 N ARTHUR AVE # 692","MOUNT PROSPECT","60056","United States","Illinois"
"9224863","Linux Systems Administrator","140 S DEARBORN ST # 461","CHICAGO","60603","United States","Illinois"
"9224864","Linux Systems Administrator","401 N Middletown Rd","Pearl River","10965","United States","New York"
"9224865","Linux Systems Administrator","Ventnor Plaza, 5014 Wellington Ave","Ventnor City","08406","United States","New Jersey"
"9224866","Linux Systems Administrator","2320 BROWN STATION RD","Up Marlboro","20774","United States","Maryland"
"9224867","Linux Systems Administrator","600 MARVEL RD","Salisbury","21801","United States","Maryland"
"9224868","Linux Systems Administrator","300 Chesterfield Parkway","MALVERN","19355","United States","Pennsylvania"
"9224869","Linux Systems Administrator","4407 N Division St","Spokane","99207","United States","Washington"
"9224870","Linux Systems Administrator","2525 Fremont Ave","Idaho Falls","83415","United States","Idaho"
"9224871","Linux Systems Administrator","1030 W Swedesford Rd","BERWYN","19312","United States","Pennsylvania"
"9224872","Linux Systems Administrator","219 W High Street","Glassboro","08028","United States","New Jersey"
"9224873","Linux Systems Administrator","38777 Six Mile Road","Livonia","48152","United States","Michigan"
"9224874","Linux Systems Administrator","545 Boylston","BOSTON","02116","United States","Massachusetts"
"9224875","Linux Systems Administrator","1001 Louisiana Street","HOUSTON","77002","United States","Texas"
"9224877","Linux Systems Administrator","None","Huntington Beach","92647","United States","California"
"9224878","Linux Systems Administrator","3536 South Iron Street","CHICAGO","60609","United States","Illinois"
"9224879","Linux Systems Administrator","9400 Bunsen Parkway","Hurstbourne Acres","40220","United States","Kentucky"
"9224881","Linux Systems Administrator","711 East Soper Road","Bad Axe","48413","United States","Michigan"
"9224882","Linux Systems Administrator","5100 Harding Highway","Mays Landing","08330","United States","New Jersey"
"9224883","Linux Systems Administrator","Towne Center Plaza","Turnersville","08012","United States","New Jersey"
"9224884","Linux Systems Administrator","529 Main St, Suite 605","CHARLESTOWN","02129","United States","Massachusetts"
"9224885","Linux Systems Administrator","701 9th St NW","Le Droit Park","20001","United States","District of Columbia"
"9224886","Linux Systems Administrator","173 Alford St","CHARLESTOWN","02129","United States","Massachusetts"
"9224887","Linux Systems Administrator","172 Bethesda Church Rd West","HOLTWOOD","17532","United States","Pennsylvania"
"9224888","Linux Systems Administrator","1000 Town Center","Northland Center","48075","United States","Michigan"
"9224889","Linux Systems Administrator","None","Edgerton","66030","United States","Kansas"
"9224926","Linux Systems Administrator","Hallowing Point Road","Prince Frederick","20678","United States","Maryland"
"9224891","Linux Systems Administrator","711 Louisiana Street","HOUSTON","77002","United States","Texas"
"9224892","Linux Systems Administrator","152 Brick Plant Rd","ALEXANDER CITY","35010","United States","Alabama"
"9224893","Linux Systems Administrator","711 Rio Nogales Dr","COLUMBUS","43215","United States","Ohio"
"9224895","Linux Systems Administrator","1068 Front Street","BALTIMORE","21202","United States","Maryland"
"9224897","Linux Systems Administrator","5100 South Route 31","Bull Valley","60012","United States","Illinois"
"9224899","Linux Systems Administrator","350 West Passaic St","ROCHELLE PARK","07662","United States","New Jersey"
"9224900","Linux Systems Administrator","116 West Jones St.","Raleigh","27603","United States","North Carolina"
"9224901","Linux Systems Administrator","700 Capitol Ave.","Frankfort","40601","United States","Kentucky"
"9224902","Linux Systems Administrator","820 N. French St.","Wilmington","19801","United States","Delaware"
"9224903","Linux Systems Administrator","800 King Street 5th Floor","Wilmington","19899","United States","Delaware"
"9224904","Linux Systems Administrator","25279 Pleasant Valley Rd","Fairfax","20152","United States","Virginia"
"9224905","Linux Systems Administrator","101 N. Carson Street","Carson City","89701","United States","Nevada"
"9224906","Linux Systems Administrator","107 N Main St","Bow","03301","United States","New Hampshire"
"9224907","Linux Systems Administrator","900 N 3rd St","Baton Rouge","70804","United States","Louisiana"
"9224908","Linux Systems Administrator","500 N. Wakefield Drive","Newark","19714","United States","Delaware"
"9224909","Linux Systems Administrator","4001 E Main St","Millville","08332","United States","New Jersey"
"9224910","Linux Systems Administrator","State St. and Washington Ave","Albany","12224","United States","New York"
"9224911","Linux Systems Administrator","490 Old Santa Fe Trail","Santa Fe","87503","United States","New Mexico"
"9224912","Linux Systems Administrator","10611 Westlake Drive","Bethesda","20817","United States","Maryland"
"9224913","Linux Systems Administrator","6755 Delilah Road","Pleasantville","08234","United States","New Jersey"
"9224914","Linux Systems Administrator","4174 Lankford Highway","Exmore","23350","United States","Virginia"
"9224915","Linux Systems Administrator","3300 Benning Road","Greenway","20019","United States","District of Columbia"
"9224916","Linux Systems Administrator","1620 2nd Street SW","WASHINGTON","20024","United States","District of Columbia"
"9224917","Linux Systems Administrator","1244C Executive Blvd","Great Bridge","23320","United States","Virginia"
"9224918","Linux Systems Administrator","12620 Crain Hwy","Newburg","20664","United States","Maryland"
"9224919","Linux Systems Administrator","201 W Gude Drive","Potomac","20850","United States","Maryland"
"9224920","Linux Systems Administrator","1825 Atlantic Avenue","Atlantic City","08401","United States","New Jersey"
"9224921","Linux Systems Administrator","1300 17th St N Ste 1600","ARLINGTON","22209","United States","Virginia"
"9224922","Linux Systems Administrator","1000 Potomac Ave NW","Glover Park","20007","United States","District of Columbia"
"9224923","Linux Systems Administrator","416 Sid Snyder Ave SW","Olympia","98504","United States","Washington"
"9224924","Linux Systems Administrator","100 State Cir","Parole","21401","United States","Maryland"
"9224925","Linux Systems Administrator","300 SW 10th Avenue","Easton","66612","United States","Connecticut"
"9224890","Linux Systems Administrator","124 W Broadway","Madison","53716","United States","Wisconsin"
"9224928","Linux Systems Administrator","77 Maryland Avenue","Parole","21401","United States","Maryland"
"9224929","Linux Systems Administrator","4061 Powder Mill Road","Calverton","20705","United States","Maryland"
"9224930","Linux Systems Administrator","800 Delmarva Ln","Wilmington","19899","United States","Delaware"
"9224931","Linux Systems Administrator","6220 Angus Drice","Raleigh","27617","United States","North Carolina"
"9224932","Linux Systems Administrator","5100 Harding Highway","Mays Landing","08330","United States","New Jersey"
"9224933","Linux Systems Administrator","4110 Forestville Road","District Heights-Forestville","20747","United States","Maryland"
"9224934","Linux Systems Administrator","373 N. Broadway","Pennsville Township","08070","United States","New Jersey"
"9224935","Linux Systems Administrator","1818 14th Street NW","WASHINGTON","20009","United States","District of Columbia"
"9224937","Linux Systems Administrator","501 N 3rd St","HARRISBURG","17120","United States","Pennsylvania"
"9224938","Linux Systems Administrator","457 Main Street","West Creek","08092","United States","New Jersey"
"9224939","Linux Systems Administrator","900 N Shore Road","Marmora","08223","United States","New Jersey"
"9224940","Linux Systems Administrator","2542 Fire Road","Pleasantville","08234","United States","New Jersey"
"9224941","Linux Systems Administrator","198 Hay Road/Main Gate B","Wilmington","19809","United States","Delaware"
"9224942","Linux Systems Administrator","118 Liberty Street","Harrington","19952","United States","Delaware"
"9224943","Linux Systems Administrator","1107 Route 47 Reema Plaza","Mays Landing","08330","United States","New Jersey"
"9224944","Linux Systems Administrator","1100 Congress Ave","AUSTIN","78711","United States","Texas"
"9224945","Linux Systems Administrator","7 State Hwy 11","Augusta","04330","United States","Maine"
"9224946","Linux Systems Administrator","3607 Berryville Pike","Charles Town","25414","United States","West Virginia"
"9224948","Linux Systems Administrator","420 Route 9 North","Cape May Court House","08210","United States","New Jersey"
"9224949","Linux Systems Administrator","700 W. JEFFERSON, 2ND FLOOR","Boise","83720","United States","Idaho"
"9224950","Linux Systems Administrator","None","Boise","83720","United States","Idaho"
"9224951","Linux Systems Administrator","Route 40","Mays Landing","08330","United States","New Jersey"
"9224952","Linux Systems Administrator","8300 Old Marlboro Pike","Upper Marlboro","20772","United States","Maryland"
"9224953","Linux Systems Administrator","5536 Tuxedo Road","Hyattsville","20781","United States","Maryland"
"9224955","Linux Systems Administrator","4100 S. Wakefield Drive","Newark","19711","United States","Delaware"
"9224956","Linux Systems Administrator","1801 K Street NW","WASHINGTON","20068","United States","District of Columbia"
"9224958","Linux Systems Administrator","Sta E Chalk Point","Eagle Harbor","20608","United States","Maryland"
"9224959","Linux Systems Administrator","River Road (Route 9)","Newark","19714","United States","Delaware"
"9224960","Linux Systems Administrator","Grant & Arkansas","Brigantine","08203","United States","New Jersey"
"9224963","Linux Systems Administrator","6404 Mallory Drive","Richmond","23226","United States","Virginia"
"9224964","Linux Systems Administrator","2000 K Street NW","WASHINGTON","20006","United States","District of Columbia"
"9224965","Linux Systems Administrator","2 Regulus Drive Ste B","Turnersville","08012","United States","New Jersey"
"9224966","Linux Systems Administrator","1125 Pikes Peak Road","DELTA","17314","United States","Pennsylvania"
"9224967","Linux Systems Administrator","1000 Bank St","Richmond","23219","United States","Virginia"
"9224968","Linux Systems Administrator","75 Constitution Ave.","Saint Paul","55155","United States","Minnesota"
"9224969","Linux Systems Administrator","1819 H Street NW","WASHINGTON","20006","United States","District of Columbia"
"9224970","Linux Systems Administrator","600 E. Boulevard Avenue","Bismarck","58505","United States","North Dakota"
"9224971","Linux Systems Administrator","1315 10th St","Hagginwood","95814","United States","California"
"9224972","Linux Systems Administrator","1434 Odenton Rd","ODENTON","21113","United States","Maryland"
"9224973","Linux Systems Administrator","2300 N Lincoln Blvd","Oklahoma City","73105","United States","Oklahoma"
"9224974","Linux Systems Administrator","400 High St","Jackson","39205","United States","Mississippi"
"9224975","Linux Systems Administrator","201 W Capitol Ave","Jefferson City","65102","United States","Missouri"
"9224976","Linux Systems Administrator","600 Dexter Avenue","Montgomery","36130","United States","Alabama"
"9224977","Linux Systems Administrator","None","Montgomery","36130","United States","Alabama"
"9224978","Linux Systems Administrator","3400 Benning Road, N.E.","WASHINGTON","20019","United States","District of Columbia"
"9224979","Linux Systems Administrator","5200 Philidelphia Way","Lanham Seabrook","20706","United States","Maryland"
"9224980","Linux Systems Administrator","3220 Corporate Ct","ELLICOTT CITY","21042","United States","Maryland"
"9224981","Linux Systems Administrator","1901 Pennsylvania Ave NW","WASHINGTON","20006","United States","District of Columbia"
"9224982","Linux Systems Administrator","1300 North 17th Street","ARLINGTON","22209","United States","Virginia"
"9224983","Linux Systems Administrator","350 State St","Salt Lake City","84114","United States","Utah"
"9224984","Linux Systems Administrator","10 Cohansey Street","Bridgeton","08302","United States","New Jersey"
"9224985","Linux Systems Administrator","268 Lake Road","OSWEGO","13126","United States","New York"
"9224986","Linux Systems Administrator","1900 Kanawha Boulevard East","Charleston","25305","United States","West Virginia"
"9224987","Linux Systems Administrator","2 E Main St","Madison","53707","United States","Wisconsin"
"9224988","Linux Systems Administrator","125 W State St","Trenton","08625","United States","New Jersey"
"9224989","Linux Systems Administrator","24 Beacon St","BOSTON","02133","United States","Massachusetts"
"9224990","Linux Systems Administrator","2530 N Salisbury Boulevard","Salisbury","21801","United States","Maryland"
"9224991","Linux Systems Administrator","630 Martin Luther King Bl","Wilmington","19899","United States","Delaware"
"9224992","Linux Systems Administrator","11 S. Iowa Avenue","Atlantic City","08401","United States","New Jersey"
"9224993","Linux Systems Administrator","Sta C Bushford Ln &","Alexandria","22314","United States","Virginia"
"9224994","Linux Systems Administrator","900 19th Street NW","WASHINGTON","20006","United States","District of Columbia"
"9224997","Linux Systems Administrator","8402 Timberlake Road","Timberlake","24502","United States","Virginia"
"9224998","Linux Systems Administrator","100 N Capitol Ave","Lansing","48909","United States","Michigan"
"9225000","Linux Systems Administrator","210 Capitol Ave","Hartford","06106","United States","Connecticut"
"9225002","Linux Systems Administrator","Queens Chapel Road","Hyattsville","20783","United States","Maryland"
"9225003","Linux Systems Administrator","571 Shiloh Pike","Bridgeton","08302","United States","New Jersey"
"9225004","Linux Systems Administrator","22872 Bayview Circle","Cape Charles","23310","United States","Virginia"
"9225005","Linux Systems Administrator","1445 K St","State House","68509","United States","Nebraska"
"9225006","Linux Systems Administrator","1301 E 6th Ave","State Of Montana","59620","United States","Montana"
"9225007","Linux Systems Administrator","Unit 4A","Waldorf","20601","United States","Maryland"
"9225008","Linux Systems Administrator","Southern Peaking Units","Elm","21817","United States","New Jersey"
"9225009","Linux Systems Administrator","North East Commerce Cente","North East","21901","United States","Maryland"
"9225010","Linux Systems Administrator","700 E DuPont Highway","Millsboro","19966","United States","Delaware"
"9225011","Linux Systems Administrator","6814 Tilton Road","Pleasantville","08234","United States","New Jersey"
"9225012","Linux Systems Administrator","5 Collins Drive","Carneys Point","08069","United States","New Jersey"
"9225013","Linux Systems Administrator","428 Ellis Street","Glassboro","08028","United States","New Jersey"
"9225014","Linux Systems Administrator","3590 Kennedy Road","South Plainfield","07080","United States","New Jersey"
"9225015","Linux Systems Administrator","2600 Centerville Road","Centreville","21617","United States","Maryland"
"9225016","Linux Systems Administrator","2430 Atlantic Avenue","Atlantic City","08401","United States","New Jersey"
"9225017","Linux Systems Administrator","21417 Taylor Road","Tasley","23441","United States","Virginia"
"9225018","Linux Systems Administrator","2100 Pennsylvania Ave NW","WASHINGTON","20037","United States","District of Columbia"
"9225019","Linux Systems Administrator","1801 K St NW Ste 900","WASHINGTON","20006","United States","District of Columbia"
"8648440","Substation Helper NERC","3400 Benning Road, N.E.","WASHINGTON","20019","United States","District of Columbia"
"9225060","Linux Systems Administrator","None","ALISO VIEJO","92656","United States","California"
"9225062","Linux Systems Administrator","10650 HARFORD RD","Glen Arm","21234","United States","Maryland"
"9225063","Linux Systems Administrator","200 EXELON WAY","KENNETT SQUARE","19348","United States","Pennsylvania"
"9225065","Linux Systems Administrator","3556 LAKE SHORE RD STE 420","BUFFALO","14219","United States","New York"
"9225066","Linux Systems Administrator","175 N CALN RD","COATESVILLE","19320","United States","Pennsylvania"
"9225068","Linux Systems Administrator","90 PEABODY ST","NASHVILLE","37210","United States","Tennessee"
"9225069","Linux Systems Administrator","4023 SOUTH STATE HWY 60","WHARTON","77488","United States","Texas"
"9225070","Linux Systems Administrator","14031 STEEPLESTONE DR FL 2","MIDLOTHIAN","23113","United States","Virginia"
"9225071","Linux Systems Administrator","2030 BRANDON SHORES RD","Orchard Beach","21226","United States","Maryland"
"9225073","Linux Systems Administrator","109 HAZEL PATH STE 5","HENDERSONVILLE","37075","United States","Tennessee"
"9225074","Linux Systems Administrator","10202 STRANG RD","LA PORTE","77571","United States","Texas"
"9225075","Linux Systems Administrator","990 STEEL RD S","FAIRLESS HILLS","19030","United States","Pennsylvania"
"9225076","Linux Systems Administrator","1050 W SWEDESFORD RD","BERWYN","19312","United States","Pennsylvania"
"9225077","Linux Systems Administrator","11520 CRONRIDGE DR","OWINGS MILLS","21117","United States","Maryland"
"9225078","Linux Systems Administrator","10 S Dearborn St","CHICAGO","60603","United States","Illinois"
"9225079","Linux Systems Administrator","1012 S WASHINGTON DR","HOWARDS GROVE","53083","United States","Wisconsin"
"9225080","Linux Systems Administrator","46277 SAWYER LN","MACOMB","48044","United States","Michigan"
"9225081","Linux Systems Administrator","1503 LAKE RD","ONTARIO","14519","United States","New York"
"9225082","Linux Systems Administrator","315 LANDOVER RD","BRYN MAWR","19010","United States","Pennsylvania"
"9225083","Linux Systems Administrator","401 E CITY AVE","BALA CYNWYD","19004","United States","Pennsylvania"
"9225084","Linux Systems Administrator","4705 CROSSROADS PARK DR STE 3","LIVERPOOL","13088","United States","New York"
"9225085","Linux Systems Administrator","182 PINE MEADOW DR","MCARTHUR","96056","United States","California"
"9225086","Linux Systems Administrator","810 7TH AVE STE 405","NEW YORK","10019","United States","New York"
"9225087","Linux Systems Administrator","141 National Business Parkway","ANNAPOLIS JUNCTION","20701","United States","Maryland"
"9225088","Linux Systems Administrator","730 NEW WAUGH CHAPEL RD","ODENTON","21113","United States","Maryland"
"9225089","Linux Systems Administrator","2301 MARKET ST","PHILADELPHIA","19103","United States","Pennsylvania"
"9225090","Linux Systems Administrator","955 RIVER RD","CROYDON","19021","United States","Pennsylvania"
"9225091","Linux Systems Administrator","17028 IL ROUTE 23","DEKALB","60115","United States","Illinois"
"9225092","Linux Systems Administrator","Two California Plaza","LOS ANGELES","90071","United States","California"
"9225093","Linux Systems Administrator","210 W ASHLAND ST","DOYLESTOWN","18901","United States","Pennsylvania"
"9225094","Linux Systems Administrator","200 W CEDAR ST","KENNETT SQUARE","19348","United States","Pennsylvania"
"9225095","Linux Systems Administrator","1005 CONGRESS AVE STE 2000","AUSTIN","78701","United States","Texas"
"9225096","Linux Systems Administrator","12991 CLIFTON BLVD","LAKEWOOD","44107","United States","Ohio"
"9063540","Sr Engineer- AMI Engineering and Testing","3 LINCOLN CTR","OAKBROOK TERRACE","60181","United States","Illinois"
"9068081","Sr Engineer-ComEd Distribution Engineering Project Engineer","1910 S BRIGGS ST","JOLIET","60433","United States","Illinois"
"9068924","Software Engineer","1310 Point Street","BALTIMORE","21231","United States","Maryland"
"9068925","Software Engineer","None","PHILADELPHIA","19124","United States","Pennsylvania"
"9068926","Software Engineer","None","None","20002","United States","District of Columbia"
"9068927","Software Engineer","None","OAKBROOK TERRACE","60181","United States","Illinois"
"9068928","Software Engineer","None","KENNETT SQUARE","19348","United States","Pennsylvania"
"9068929","Software Engineer","None","Newark","19713","United States","Delaware"
"8918406","Business Analyst","8300 Old Marlboro Pike","Upper Marlboro","20772","United States","Maryland"
"9225031","Linux Systems Administrator","S. Egg Harbor Road","Elm","08037","United States","New Jersey"
"9225106","Linux Systems Administrator","325 N SAINT PAUL ST STE 2650","DALLAS","75201","United States","Texas"
"9225107","Linux Systems Administrator","173 CORNPLANTER LN","KENNERDELL","16374","United States","Pennsylvania"
"9225108","Linux Systems Administrator","3901 N DELAWARE AVE","PHILADELPHIA","19137","United States","Pennsylvania"
"9225109","Linux Systems Administrator","8787 WOLF HOLLOW CT","GRANBURY","76048","United States","Texas"
"9225110","Linux Systems Administrator","830 SCHUYLKILL AVE","PHILADELPHIA","19146","United States","Pennsylvania"
"9225111","Linux Systems Administrator","529 MAIN ST","CHARLESTOWN","02129","United States","Massachusetts"
"9225112","Linux Systems Administrator","2801 COLORADO AVE","PLATTSBURGH","12903","United States","New York"
"9225113","Linux Systems Administrator","1295 Eagle Rock Road","OAKLAND","21550","United States","Maryland"
"9225115","Linux Systems Administrator","10252 10TH AVE","MULLINVILLE","67109","United States","Kansas"
"9225116","Linux Systems Administrator","741 Route 9 South","FORKED RIVER","08731","United States","New Jersey"
"9225117","Linux Systems Administrator","400 W HIGHWAY 290 BLDG C STE 101","DRIPPING SPRINGS","78620","United States","Texas"
"9225118","Linux Systems Administrator","1319 S 1ST AVE # 821","MAYWOOD","60153","United States","Illinois"
"9225119","Linux Systems Administrator","4000 BROENING HWY","DUNDALK","21222","United States","Maryland"
"9225120","Linux Systems Administrator","307 BRIDAL WREATH AVE","ORANGE","77630","United States","Texas"
"9225121","Linux Systems Administrator","WFM","REDONDO BEACH","90277","United States","California"
"9225124","Linux Systems Administrator","15 N BACTON HILL RD","MALVERN","19355","United States","Pennsylvania"
"9225125","Linux Systems Administrator","3400 S PULASKI RD","CHICAGO","60623","United States","Illinois"
"9225127","Linux Systems Administrator","10 S Dearborn St","CHICAGO","60603","United States","Illinois"
"9225128","Linux Systems Administrator","1919 SWIFT DR # 622","OAK BROOK","60523","United States","Illinois"
"9225129","Linux Systems Administrator","900 CHELSEA RD","ABERDEEN","21130","United States","Maryland"
"9225130","Linux Systems Administrator","701 Brazos Street","BAKERSFIELD","93380","United States","California"
"9225131","Linux Systems Administrator","6891 CONCORD RD","DELAWARE","43015","United States","Ohio"
"9225132","Linux Systems Administrator","369 CARNOUSTIE","HIGHLAND","48357","United States","Michigan"
"9225133","Linux Systems Administrator","10 S Dearborn St","CHICAGO","60603","United States","Illinois"
"9225134","Linux Systems Administrator","440 S LA SALLE ST","CHICAGO","60605","United States","Illinois"
"9225136","Linux Systems Administrator","701 9TH ST NW","WASHINGTON","20001","United States","District of Columbia"
"9225100","Linux Systems Administrator","2348 S. Topeka Blvd","TOPEKA","66609","United States","Kansas"
"9225101","Linux Systems Administrator","2625 RIVER RD","MIDDLETOWN","17057","United States","Pennsylvania"
"9225102","Linux Systems Administrator","595 SUMMER ST STE 300","STAMFORD","06901","United States","Connecticut"
"9225103","Linux Systems Administrator","35100 S STATE ROUTE 53 STE 84","BRACEVILLE","60407","United States","Illinois"
"9225104","Linux Systems Administrator","401 FREDERICA ST STE A-204","OWENSBORO","42301","United States","Kentucky"
"9225105","Linux Systems Administrator","325 N SAINT PAUL ST STE 2650","DALLAS","75201","United States","Texas"
"9118845","Scrum Master, IT","None","Mays Landing","08330","United States","New Jersey"
"9120084","Substation Operations Trainee - Operatio","3400 Benning Road, N.E.","WASHINGTON","20019","United States","District of Columbia"
"8969104","Sr Engineer (Transmission & Substation Equipment SME)","300 Chesterfield Parkway","MALVERN","19355","United States","Pennsylvania"
"8980255","Mgr Regional Capacity Planning","401 Eagle Run Road,","Christiana","19702","United States","Delaware"
"9002202","Internal Designer","700 E DuPont Highway","Millsboro","19966","United States","Delaware"
"9002203","Internal Designer","2530 N Salisbury Boulevard","Salisbury","21801","United States","Maryland"
"9015203","General Engineer","2 LINCOLN CTR","OAKBROOK TERRACE","60181","United States","Illinois"
"9023320","Sr Project Manager - Voltage Opt.","1 LINCOLN CTR","OAKBROOK TERRACE","60181","United States","Illinois"
"9023823","Senior Accountant - BSC","10 S DEARBORN ST","CHICAGO","60603","United States","Illinois"
"9023824","Assoc Staff Accountant - BSC","10 S DEARBORN ST","CHICAGO","60603","United States","Illinois"
"9025318","Work Control Coordinator-Rockford, IL","123 ENERGY AVE # 765","ROCKFORD","61109","United States","Illinois"
"9026466","Senior Accountant - ComEd","3 LINCOLN CTR","OAKBROOK TERRACE","60181","United States","Illinois"
"9037636","Line School Apprentice","1510 CHESTER PIKE","EDDYSTONE","19022","United States","Pennsylvania"
"9038800","Mgr Facilities Operations","1068 Front Street","BALTIMORE","21202","United States","Maryland"
"9040008","Staff Accountant - PECO","2301 MARKET ST","PHILADELPHIA","19103","United States","Pennsylvania"
"9051888","Senior Project Manager - BSC","1310 Point Street","BALTIMORE","21231","United States","Maryland"
"9051889","Senior Project Manager - BSC","None","BURTONSVILLE","20866","United States","Maryland"
"9051890","Sr. Services Analyst - IT","1310 Point Street","BALTIMORE","21231","United States","Maryland"
"9051891","Sr. Services Analyst - IT","500 N. Wakefield Drive","Newark","19714","United States","Delaware"
"9056151","Sr. Project Cost Analyst","5100 Harding Highway","Mays Landing","08330","United States","New Jersey"
"9056152","Sr. Project Cost Analyst","219 W High Street","Glassboro","08028","United States","New Jersey"
"9056154","Director Audit Services - BSC","1310 Point Street","BALTIMORE","21231","United States","Maryland"
"8838419","Sr. Software Engineer - Outage Management System","701 9th Street. NW","WASHINGTON","20068","United States","District of Columbia"
"9225020","Linux Systems Administrator","150 W State St Ste 5","Trenton","08608","United States","New Jersey"
"9225169","Linux Systems Administrator","None","None","93536","United States","California"
"9225170","Linux Systems Administrator","125 DILLMONT DR","COLUMBUS","43235","United States","Ohio"
"9225172","Linux Systems Administrator","333 Spring Valley Road","GLEN MILLS","19342","United States","Pennsylvania"
"9225025","Linux Systems Administrator","600 Charlotte Ave","Nashville-Davidson","37243","United States","Tennessee"
"9225026","Linux Systems Administrator","900 Court St NE","Salem","97310","United States","Oregon"
"9225027","Linux Systems Administrator","77 South High St","COLUMBUS","43215","United States","Ohio"
"9225028","Linux Systems Administrator","410 S. Second St.","SPRINGFIELD","62706","United States","Illinois"
"9225029","Linux Systems Administrator","415 South Beretania Street","Honolulu","96813","United States","Hawaii"
"9225030","Linux Systems Administrator","Sta D 21200","District Heights","20753","United States","Maryland"
"9225144","Linux Systems Administrator","1716 LAWRENCE DR","DE PERE","54115","United States","Wisconsin"
"9225145","Linux Systems Administrator","15210 DINO DR","BURTONSVILLE","20866","United States","Maryland"
"9225146","Linux Systems Administrator","500 N 3RD ST STE 800","HARRISBURG","17101","United States","Pennsylvania"
"9225147","Linux Systems Administrator","615 W VAN BUREN ST FL 2","CHICAGO","60607","United States","Illinois"
"9225148","Linux Systems Administrator","1005 BRANDON SHORES RD","Orchard Beach","21226","United States","Maryland"
"9225149","Linux Systems Administrator","None","JAMESTOWN","95327","United States","California"
"9225150","Linux Systems Administrator","348 LAKE RD","OSWEGO","13126","United States","New York"
"9225151","Linux Systems Administrator","5100 S IL ROUTE 31","CRYSTAL LAKE","60012","United States","Illinois"
"9225152","Linux Systems Administrator","4450 N GERMAN CHURCH RD","BYRON","61010","United States","Illinois"
"9225153","Linux Systems Administrator","1 WALTZ MILL RD","MADISON","15663","United States","Pennsylvania"
"9225154","Linux Systems Administrator","1060 W SWEDESFORD RD","BERWYN","19312","United States","Pennsylvania"
"9225155","Linux Systems Administrator","200 N OGDEN AVE # 658","CHICAGO","60607","United States","Illinois"
"9225157","Linux Systems Administrator","1101 E BALTIMORE PIKE","KENNETT SQUARE","19063","United States","Pennsylvania"
"9225158","Linux Systems Administrator","1510 CHESTER PIKE","EDDYSTONE","19022","United States","Pennsylvania"
"9225159","Linux Systems Administrator","2200 DEFENSE HWY FL 4","CROFTON","21114","United States","Maryland"
"9225160","Linux Systems Administrator","7601 S LAWNDALE AVE # 271","CHICAGO","60652","United States","Illinois"
"9225161","Linux Systems Administrator","547 APOLLO ST STE F","BREA","92821","United States","California"
"9225162","Linux Systems Administrator","2610 S COLUMBUS BLVD","PHILADELPHIA","19148","United States","Pennsylvania"
"9225163","Linux Systems Administrator","15 W. 16th Street","CHICAGO","60603","United States","Illinois"
"9225164","Linux Systems Administrator","1 LINCOLN CTR","OAKBROOK TERRACE","60181","United States","Illinois"
"9225165","Linux Systems Administrator","99 FORT FAIRFIELD RD STE 2","PRESQUE ISLE","04769","United States","Maine"
"9225167","Linux Systems Administrator","49881 WEST 170 ST.","LANCASTER","93536","United States","California"
"9225166","Linux Systems Administrator","215 E RAILROAD ST","GENOA","60135","United States","Illinois"
"9225168","Linux Systems Administrator","None","LANCASTER","93536","United States","California"
"9225097","Linux Systems Administrator","9 SUMMER ST","MEDWAY","02053","United States","Massachusetts"
"9225098","Linux Systems Administrator","1607 DIVISION ST","MENDOTA","61342","United States","Illinois"
"9225099","Linux Systems Administrator","5 HAMPSTON GARTH","Lutherville-Timonium","21093","United States","Maryland"
"9225137","Linux Systems Administrator","101 EISENHOWER PKWY","ROSELAND","07068","United States","New Jersey"
"9225139","Linux Systems Administrator","355 E CAMPUS VIEW BLVD STE 150","COLUMBUS","43235","United States","Ohio"
"9225140","Linux Systems Administrator","3500 N CALIFORNIA AVE","CHICAGO","60618","United States","Illinois"
"9225141","Linux Systems Administrator","7315 E FRONTAGE RD STE 108","MERRIAM","66204","United States","Kansas"
"9225142","Linux Systems Administrator","50 OAK CT STE 120","DANVILLE","94526","United States","California"
"9225143","Linux Systems Administrator","1 INDUSTRIAL HWY","EDDYSTONE","19022","United States","Pennsylvania"
"9225032","Linux Systems Administrator","8711 Westphalia Road","Upper Marlboro","20772","United States","Maryland"
"9225033","Linux Systems Administrator","2000 Pennsylvania Ave NW","WASHINGTON","20068","United States","District of Columbia"
"9225034","Linux Systems Administrator","295 N Grove Street","Berlin","08009","United States","New Jersey"
"9225035","Linux Systems Administrator","Missouri & Grant Avenues","Atlantic City","08401","United States","New Jersey"
"9225037","Linux Systems Administrator","200 Hay Road/Main Gate","Wilmington","19809","United States","Delaware"
"9225038","Linux Systems Administrator","1825 K Street NW","WASHINGTON","20068","United States","District of Columbia"
"9225039","Linux Systems Administrator","155 Routet 50","Ocean View","08230","United States","New Jersey"
"9225040","Linux Systems Administrator","109 State St.","Montpelier","05609","United States","Vermont"
"9225041","Linux Systems Administrator","136 State Capitol","Denver","80203","United States","Colorado"
"9225042","Linux Systems Administrator","3400 Benning Road NE","Greenway","20019","United States","District of Columbia"
"9225043","Linux Systems Administrator","9 DRBA Way #9","New Castle","19720","United States","Delaware"
"9225045","Linux Systems Administrator","500 Summit Lake Drive","Valhalla","10595","United States","New York"
"9225046","Linux Systems Administrator","260 Rocbaar Dr","Lockport","60446","United States","Illinois"
"9225048","Linux Systems Administrator","401 Eagle Run Road,","Christiana","19702","United States","Delaware"
"9225050","Linux Systems Administrator","114 N MAIN ST","VICTORIA","77901","United States","Texas"
"9225196","Linux Systems Administrator","6604 E ROSEDALE ST","FORT WORTH","76112","United States","Texas"
"9241665","Senior Recruiter ","2 Center Plaza","BALTIMORE","21201","United States","Maryland"
"9241773","Sr Workforce Development Specialist","2 Center Plaza","BALTIMORE","21201","United States","Maryland"
"9241774","Sr Project Manager","2001 Gallagher Road","PLYMOUTH MEETING","19462","United States","Pennsylvania"
"9242383","Prin Quantitative Engineer","2 LINCOLN CTR","OAKBROOK TERRACE","60181","United States","Illinois"
"9242384","Energy Efficiency Program Mgr","2011 Swift Dr.","OAK BROOK","60523","United States","Illinois"
"9242495","Sr Engineer-New Business","3500 N CALIFORNIA AVE","CHICAGO","60618","United States","Illinois"
"9243346","Business Analyst","400 PARK AVE","WARMINSTER","18974","United States","Pennsylvania"
"9245812","Manager Reliability Programs - PHI","701 9th Street. NW","WASHINGTON","20068","United States","District of Columbia"
"9247371","Prin Project Manager","1 LINCOLN CTR","OAKBROOK TERRACE","60181","United States","Illinois"
"9248852","GIS Support Analyst","2 LINCOLN CTR","OAKBROOK TERRACE","60181","United States","Illinois"
"9248969","Sr Engineer-Distribution Standards","2 LINCOLN CTR","OAKBROOK TERRACE","60181","United States","Illinois"
"9249847","Supvr Field Operations-(West Region-Flexible)","1950 DUNCAN PL # 963","WOODSTOCK","60098","United States","Illinois"
"9249848","Supvr Field Operations-(West Region-Flexible)","350 2ND ST # 354","ELGIN","60123","United States","Illinois"
"9250330","Sr Account Representative","201 W Gude Drive","Potomac","20850","United States","Maryland"
"9250667","Interconnection Specialist - PHI","701 9th Street. NW","WASHINGTON","20068","United States","District of Columbia"
"9250816","Engineering Tech - Testing Group","3400 S PULASKI RD","CHICAGO","60623","United States","Illinois"
"9251993","Sr Emerg Prep Specialist","680 RIDGE PIKE","PLYMOUTH MEETING","19462","United States","Pennsylvania"
"9252901","General Engineer ""Distribution Field Engineer"" - ComEd","7601 S LAWNDALE AVE # 271","CHICAGO","60652","United States","Illinois"
"9252902","Work Control Coordinator - ComEd (Chicago South)","7601 S LAWNDALE AVE # 271","CHICAGO","60652","United States","Illinois"
"9254384","Sr. Services Analyst - IT","1310 Point Street","BALTIMORE","21231","United States","Maryland"
"9254385","Sr. Services Analyst - IT","None","CHICAGO","60603","United States","Illinois"
"9254386","Sr. Services Analyst - IT","100 State Cir","Parole","21401","United States","Maryland"
"9254387","Sr. Services Analyst - IT","410 S. Second St.","SPRINGFIELD","62706","United States","Illinois"
"9254388","Sr. Services Analyst - IT","None","WASHINGTON","20002","United States","District of Columbia"
"9255235","Groundman SCD NERC","700 E DuPont Highway","Millsboro","19966","United States","Delaware"
"9255236","Groundman SCD NERC","118 Liberty Street","Harrington","19952","United States","Delaware"
"9256051","Business Analyst -PECO","2301 MARKET ST","PHILADELPHIA","19103","United States","Pennsylvania"
"9256935","Sr Project Manager","1 LINCOLN CTR","OAKBROOK TERRACE","60181","United States","Illinois"
"9261326","Sr Engineer","2 LINCOLN CTR","OAKBROOK TERRACE","60181","United States","Illinois"
"9262756","General Engineer-Distribution Standards","2 LINCOLN CTR","OAKBROOK TERRACE","60181","United States","Illinois"
"9266795","General Engineer","680 RIDGE PIKE","PLYMOUTH MEETING","19462","United States","Pennsylvania"
"9241663","Fleet Technician A","None","Rockville","20850","United States","Maryland"
"9241664","Fleet Technician A","201 W Gude Drive","Potomac","20850","United States","Maryland"
"9225197","Linux Systems Administrator","3200 EDGELY RD","LEVITTOWN","19057","United States","Pennsylvania"
"9225882","Sr. Services Analyst - IT","1310 Point Street","BALTIMORE","21231","United States","Maryland"
"9225883","Sr. Services Analyst - IT","None","None","21034","United States","Maryland"
"9225884","Sr. Services Analyst - IT","None","KENNETT SQUARE","19348","United States","Pennsylvania"
"9225885","Sr. Services Analyst - IT","None","PHILADELPHIA","19124","United States","Pennsylvania"
"9225886","Sr. Services Analyst - IT","None","BALTIMORE","21201","United States","Maryland"
"9226856","Sr. Software Engineer","2301 MARKET ST","PHILADELPHIA","19103","United States","Pennsylvania"
"9225023","Linux Systems Administrator","500 North Wakefield Drive","Newark","19713","United States","Delaware"
"9225024","Linux Systems Administrator","200 West 24th Street","CHEYENNE","82002","United States","Wyoming"
"9225135","Linux Systems Administrator","125 S PARK ST STE 325","TRAVERSE CITY","49684","United States","Michigan"
"9226861","Sr. Software Engineer","None","None","20002","United States","District of Columbia"
"9271654","Engineer","2 LINCOLN CTR","OAKBROOK TERRACE","60181","United States","Illinois"
"9271655","Prin Project Mgr - Circuit Resiliency","1 LINCOLN CTR","OAKBROOK TERRACE","60181","United States","Illinois"
"9271685","Sr Work Planner","1 LINCOLN CTR","OAKBROOK TERRACE","60181","United States","Illinois"
"9271692","Energy Acquisition Analyst","1919 SWIFT DR # 622","OAK BROOK","60523","United States","Illinois"
"9271693","Sr Energy Acq Analyst","1919 SWIFT DR # 622","OAK BROOK","60523","United States","Illinois"
"9271694","Sr Engineer","2 LINCOLN CTR","OAKBROOK TERRACE","60181","United States","Illinois"
"9271695","Mgr Energy Acquisition Analysts","1919 SWIFT DR # 622","OAK BROOK","60523","United States","Illinois"
"9271696","Mgr Energy Acquisition Analysts","None","None","60446","United States","Illinois"
"9272805","Business Analyst","2301 MARKET ST","PHILADELPHIA","19103","United States","Pennsylvania"
"9275613","Supervisorv Substations-Maywood,IL","1505 S 1ST AVE # 382","MAYWOOD","60153","United States","Illinois"
"9276069","Sr Enrg Efficiency Data Spclst","2011 Swift Dr.","OAK BROOK","60523","United States","Illinois"
"9277060","Manager Transmission & Substations","2 LINCOLN CTR","OAKBROOK TERRACE","60181","United States","Illinois"
"9277524","Sr Community Rel Specialist","5100 Harding Highway","Mays Landing","08330","United States","New Jersey"
"9277525","Sr Community Rel Specialist","None","Carneys Point","08069","United States","New Jersey"
"9277526","Sr Community Rel Specialist","5 Collins Drive","Carneys Point","08069","United States","New Jersey"
"9277747","Sr Business Analyst - ComEd (Location Flexible)","2 LINCOLN CTR","OAKBROOK TERRACE","60181","United States","Illinois"
"9277748","Sr Business Analyst - ComEd (Location Flexible)","None","CHICAGO","60603","United States","Illinois"
"9277750","Sr Business Analyst - ComEd (Location Flexible)","None","JOLIET","60433","United States","Illinois"
"9277751","Sr Business Analyst - ComEd (Location Flexible)","None","ROCKFORD","61109","United States","Illinois"
"9278712","Sr Regulatory Specialist","1 Financial Place","CHICAGO","60605","United States","Illinois"
"9278714","Sr Regulatory Specialist","3 LINCOLN CTR","OAKBROOK TERRACE","60181","United States","Illinois"
"9279128","Work Management Scheduler - (Joliet, IL) - ComEd","1910 S BRIGGS ST","JOLIET","60433","United States","Illinois"
"9281306","Associate Interconnection Specialist - PHI","5 Collins Drive","Carneys Point","08069","United States","New Jersey"
"9281629","Senior Accountant - BGE","2 Center Plaza","BALTIMORE","21201","United States","Maryland"
"9281873","Associate Interconnection Specialist - PHI","2301 MARKET ST","PHILADELPHIA","19103","United States","Pennsylvania"
"9282011","General Engineer","1068 N FRONT ST","BALTIMORE","21202","United States","Maryland"
"9282261","Sr OT Cyber Defense Systems Engineer","None","BALTIMORE","21201","United States","Maryland"
"9282262","Sr OT Cyber Defense Systems Engineer","None","CHICAGO","60603","United States","Illinois"
"9282263","Sr OT Cyber Defense Systems Engineer","None","OWINGS MILLS","21117","United States","Maryland"
"9226857","Sr. Software Engineer","None","CHICAGO","60603","United States","Illinois"
"9282265","Sr OT Cyber Defense Systems Engineer","None","WASHINGTON","20002","United States","District of Columbia"
"9282266","Sr OT Cyber Defense Systems Engineer","None","PHILADELPHIA","19124","United States","Pennsylvania"
"9282807","Sr Training Specialist","680 RIDGE PIKE","PLYMOUTH MEETING","19462","United States","Pennsylvania"
"9226863","Sr. Software Engineer","None","None","19702","United States","Delaware"
"9226864","Sr. Software Engineer","None","Glover Park","20007","United States","District of Columbia"
"9229453","Senior Project Manager - REACTS IT","3 LINCOLN CTR","OAKBROOK TERRACE","60181","United States","Illinois"
"9225177","Linux Systems Administrator","1040 JANES AVE # 262","BOLINGBROOK","60440","United States","Illinois"
"9232267","Manager Regional Electric  Operations -ComEd, Libertyville, IL","1500 FRANKLIN BLVD # 542","LIBERTYVILLE","60048","United States","Illinois"
"9225181","Linux Systems Administrator","2116 PIONEER AVE","CHEYENNE","82001","United States","Wyoming"
"9232746","Account Investigation Representative A","701 9th Street. NW","WASHINGTON","20068","United States","District of Columbia"
"9225184","Linux Systems Administrator","300 FRONT ST","CONSHOHOCKEN","19428","United States","Pennsylvania"
"9238889","Sr Customer Insights/Market Research Analyst","2301 MARKET ST","PHILADELPHIA","19103","United States","Pennsylvania"
"9225187","Linux Systems Administrator","1327 W 7TH ST","CHESTER","19013","United States","Pennsylvania"
"9240194","Mgr Customer Care","2530 N Salisbury Boulevard","Salisbury","21801","United States","Maryland"
"9225190","Linux Systems Administrator","4000 G ST","PHILADELPHIA","19124","United States","Pennsylvania"
"9240999","Sr Engineering Tech Specialist-Chicago, IL","3500 N CALIFORNIA AVE","CHICAGO","60618","United States","Illinois"
"9225193","Linux Systems Administrator","173 ALFORD ST","CHARLESTOWN","02129","United States","Massachusetts"
"9225049","Linux Systems Administrator","8405 PULSAR PL STE 190","COLUMBUS","43240","United States","Ohio"
"9266796","Engineer","680 RIDGE PIKE","PLYMOUTH MEETING","19462","United States","Pennsylvania"
"9225052","Linux Systems Administrator","N21W23340 RIDGEVIEW PKWY W","WAUKESHA","53188","United States","Wisconsin"
"9266943","Sr Software Engineer  CC&B Data Conversion SME","7225 WINDSOR BLVD","BALTIMORE","21244","United States","Maryland"
"9225055","Linux Systems Administrator","701 SHERRICK RD SE","CANTON","44707","United States","Ohio"
"9266946","Sr Software Engineer  CC&B Data Conversion SME","None","None","19702","United States","Delaware"
"9225022","Linux Systems Administrator","10620 Guilford Road","Jessup","20794","United States","Maryland"
"9267738","General Engineer - ""Testing & Commissioning Engineering"" - ComEd","3400 S PULASKI RD","CHICAGO","60623","United States","Illinois"
"9226860","Sr. Software Engineer","None","PHILADELPHIA","19124","United States","Pennsylvania"
"9225173","Linux Systems Administrator","124 W BROADWAY STE 300","MONONA","53716","United States","Wisconsin"
"9292165","Sr Work Planner / Supervisor - Pepco OH Construction and Maint","201 W Gude Drive","Potomac","20850","United States","Maryland"
"9229454","Sr Engineer - BSC Transmission Operations Engineering Support","1N301 SWIFT RD # 472","LOMBARD","60148","United States","Illinois"
"9225180","Linux Systems Administrator","112 West Street","ANNAPOLIS","21401","United States","Maryland"
"9225182","Linux Systems Administrator","10 S Dearborn St","CHICAGO","60603","United States","Illinois"
"9238716","Principal Arranger - Distribution System Operations -ACE Region","5100 Harding Highway","Mays Landing","08330","United States","New Jersey"
"9240192","Mgr Customer Care","8300 Old Marlboro Pike","Upper Marlboro","20772","United States","Maryland"
"9225189","Linux Systems Administrator","Front and Ward St","CHICAGO","19013","United States","Illinois"
"9225191","Linux Systems Administrator","1 Financial Place","CHICAGO","60605","United States","Illinois"
"9241662","Fleet Technician A","None","WASHINGTON","20002","United States","District of Columbia"
"9225195","Linux Systems Administrator","2001 AUCUTT RD # 287","MONTGOMERY","60538","United States","Illinois"
"9225053","Linux Systems Administrator","900 LAKE ST","RAMSEY","07446","United States","New Jersey"
"9266944","Sr Software Engineer  CC&B Data Conversion SME","None","CHICAGO","60603","United States","Illinois"
"9225058","Linux Systems Administrator","9701 BELAIR RD","NOTTINGHAM","21128","United States","Maryland"
"9271563","Project Cost Analyst","1 LINCOLN CTR","OAKBROOK TERRACE","60181","United States","Illinois"
"9271642","Section Engineer","2 LINCOLN CTR","OAKBROOK TERRACE","60181","United States","Illinois"
"9225174","Linux Systems Administrator","2211 OLD EARHART RD STE 175","ANN ARBOR","48105","United States","Michigan"
"9230817","Project Manager","1 LINCOLN CTR","OAKBROOK TERRACE","60181","United States","Illinois"
"9232745","Sr Econ Dev Specialist","3 LINCOLN CTR","OAKBROOK TERRACE","60181","United States","Illinois"
"9225185","Linux Systems Administrator","101 CONSTITUTION AVE NW SUITE 400 EAST","WASHINGTON","20001","United States","District of Columbia"
"9225188","Linux Systems Administrator","172 BETHESDA CHURCH RD W","HOLTWOOD","17532","United States","Pennsylvania"
"9225192","Linux Systems Administrator","1500 FRANKLIN BLVD # 542","LIBERTYVILLE","60048","United States","Illinois"
"9225051","Linux Systems Administrator","28821 MADISON RD","ECHO","97826","United States","Oregon"
"9266945","Sr Software Engineer  CC&B Data Conversion SME","None","KENNETT SQUARE","19348","United States","Pennsylvania"
"9282264","Sr OT Cyber Defense Systems Engineer","1700 SPENCER RD","JOLIET","60433","United States","Illinois"
"9283156","Associate Engineering Tech","1910 S BRIGGS ST","JOLIET","60433","United States","Illinois"
"9225176","Linux Systems Administrator","2701 BACK ACRE CIR","MOUNT AIRY","21771","United States","Maryland"
"9225183","Linux Systems Administrator","24151 S NORTHERN ILLINOIS DR","CHANNAHON","60410","United States","Illinois"
"9240193","Mgr Customer Care","None","Carneys Point","08069","United States","New Jersey"
"9241661","Fleet Technician A","8300 Old Marlboro Pike","Upper Marlboro","20772","United States","Maryland"
"9225054","Linux Systems Administrator","500 W DUTTON MILL RD","ASTON","19014","United States","Pennsylvania"
"9226859","Sr. Software Engineer","None","BALTIMORE","21201","United States","Maryland"
"9225175","Linux Systems Administrator","1040 W SWEDESFORD RD","BERWYN","19312","United States","Pennsylvania"
"9237302","Supervisor Security Operations Center Team","11520 CRONRIDGE DR","OWINGS MILLS","21117","United States","Maryland"
"9240354","Sr Project Cost Analyst","1 LINCOLN CTR","OAKBROOK TERRACE","60181","United States","Illinois"
"9225057","Linux Systems Administrator","300 EXELON WAY","KENNETT SQUARE","19348","United States","Pennsylvania"
"9292164","General Engineer - Delmarva Power LNG Plant Operations/Engineering","630 Martin Luther King Bl","Wilmington","19899","United States","Delaware"
"9225186","Linux Systems Administrator","420 N SUMNEYTOWN PIKE","NORTH WALES","19454","United States","Pennsylvania"
"9266797","Sr Engineer","680 RIDGE PIKE","PLYMOUTH MEETING","19462","United States","Pennsylvania"
"9225178","Linux Systems Administrator","2233 MOUNTAIN CREEK PKWY STE A","DALLAS","75211","United States","Texas"
"9225194","Linux Systems Administrator","5870 FULTON DR NW STE A","CANTON","44718","United States","Ohio"
"9232489","Sr Engineering Tech","3400 S PULASKI RD","CHICAGO","60623","United States","Illinois"
"9271641","Mgr Energy Acquisition Analysts","1919 SWIFT DR # 622","OAK BROOK","60523","United States","Illinois"
"9240321","Project Cost Analyst","1 LINCOLN CTR","OAKBROOK TERRACE","60181","United States","Illinois"
"9266947","Sr Software Engineer  CC&B Data Conversion SME","None","Glover Park","20007","United States","District of Columbia"
